id,filename
1039,2008-02-21_07-43-28
1039,2008-03-13_10-47-12
1039,2008-05-23_07-48-29
1039,2009-09-01_09-48-31
1116,2008-02-22_12-20-57
1116,2008-02-26_14-45-38
1116,2008-03-05_18-28-33
1116,2008-03-10_18-00-22
1116,2008-03-11_17-48-14
1116,2008-04-25_12-10-17
1187,2007-12-04_13-08-03
1187,2007-12-10_12-50-45
1187,2007-12-10_16-32-32
1187,2007-12-12_17-27-39
1187,2007-12-12_17-28-08
1187,2007-12-13_10-58-21
2008,2008-06-12_07-48-23
2008,2008-06-12_07-48-49
2008,2008-06-12_07-49-31
2008,2008-06-12_07-51-08
2008,2008-06-13_07-51-39
2170,2007-12-04_13-17-28
2170,2007-12-04_13-38-35
2170,2007-12-04_13-39-11
2170,2007-12-04_13-39-48
2170,2007-12-04_13-40-07
2170,2007-12-04_13-42-24
2171,2007-12-05_11-58-44
2171,2007-12-06_08-41-29
2171,2007-12-07_09-02-28
2171,2007-12-07_09-07-34
2171,2007-12-13_06-38-57
2171,2007-12-13_10-15-56
2172,2007-12-04_15-31-32
2172,2007-12-04_15-31-41
2172,2007-12-04_15-32-47
2172,2007-12-04_15-33-44
2172,2007-12-04_16-29-08
2172,2007-12-06_14-06-52
2173,2007-12-04_09-30-59
2173,2007-12-05_09-41-38
2173,2007-12-05_12-02-43
2173,2007-12-06_10-28-15
2173,2007-12-11_09-04-56
2173,2007-12-13_10-35-54
2174,2007-12-04_09-15-40
2174,2007-12-04_09-16-01
2174,2007-12-04_09-19-09
2174,2007-12-05_09-29-48
2174,2007-12-05_17-20-52
2174,2007-12-06_09-30-23
2175,2007-12-04_13-53-02
2175,2007-12-04_13-53-11
2175,2007-12-05_15-14-41
2175,2007-12-05_15-15-15
2175,2007-12-05_15-15-47
2175,2007-12-13_12-42-27
2176,2007-12-04_10-23-20
2176,2007-12-04_10-23-36
2176,2007-12-04_14-48-45
2176,2007-12-05_09-52-52
2177,2007-12-07_09-12-03
2177,2007-12-07_09-12-24
2177,2007-12-07_09-12-41
2177,2007-12-07_10-33-18
2179,2007-12-04_15-49-35
2179,2007-12-04_15-49-43
2179,2007-12-04_15-50-46
2179,2007-12-04_15-51-10
2179,2007-12-07_15-07-31
2179,2007-12-12_08-15-33
2180,2007-12-04_13-57-30
2180,2007-12-04_13-58-01
2180,2007-12-04_13-58-30
2180,2007-12-05_13-27-12
2180,2007-12-05_13-27-28
2180,2007-12-06_14-03-17
2181,2007-12-05_11-01-52
2181,2007-12-05_15-21-30
2181,2007-12-05_18-30-20
2181,2007-12-11_19-50-59
2184,2007-12-04_12-12-00
2184,2007-12-04_12-12-42
2184,2007-12-04_12-16-45
2184,2007-12-04_12-18-45
2184,2007-12-04_12-49-15
2185,2007-12-04_12-10-00
2185,2007-12-04_12-17-38
2185,2007-12-04_12-21-35
2185,2007-12-04_12-49-37
2186,2007-12-04_12-11-17
2186,2007-12-04_12-15-04
2186,2007-12-04_12-18-36
2186,2007-12-04_12-18-56
2186,2007-12-04_12-50-30
2188,2007-12-06_00-15-02
2188,2007-12-06_00-15-35
2188,2007-12-06_03-55-25
2188,2007-12-06_03-56-14
2188,2007-12-06_03-56-43
2188,2007-12-06_06-02-01
2191,2007-12-04_09-16-48
2191,2007-12-05_12-44-47
2191,2007-12-05_13-10-45
2191,2007-12-06_09-30-31
2192,2007-12-04_10-00-18
2192,2007-12-04_10-01-18
2192,2007-12-12_08-22-03
2192,2007-12-12_08-22-40
2192,2007-12-12_13-27-45
2197,2007-12-10_14-01-30
2197,2007-12-10_14-01-42
2197,2007-12-10_14-04-50
2197,2007-12-10_14-51-58
2197,2007-12-10_14-52-10
2200,2007-12-04_09-21-46
2200,2007-12-04_15-56-29
2200,2007-12-04_18-04-11
2200,2007-12-05_15-33-04
2211,2007-12-12_20-48-42
2211,2007-12-12_20-49-00
2211,2007-12-13_00-33-51
2211,2007-12-13_00-34-26
2219,2007-12-04_13-14-20
2219,2007-12-04_13-15-06
2219,2007-12-04_13-37-48
2219,2007-12-04_13-38-17
2219,2007-12-04_13-41-51
2219,2007-12-04_13-44-12
1040,2008-04-01_18-21-57
1040,2008-04-01_18-22-42
1040,2008-04-01_18-24-45
1040,2008-04-02_09-31-07
1040,2008-04-02_09-34-06
1040,2009-08-28_11-26-32
1041,2008-03-07_07-19-41
1041,2008-04-02_07-18-47
1041,2008-04-14_07-23-26
1041,2009-08-06_07-02-40
1041,2009-09-03_19-42-25
1041,2009-10-05_21-25-27
1042,2008-02-22_11-03-50
1042,2008-02-29_08-35-37
1042,2008-04-16_09-14-18
1042,2008-05-29_09-52-06
1042,2008-06-04_09-20-27
1042,2009-06-26_16-09-32
1043,2008-02-18_11-55-15
1043,2008-02-22_07-53-50
1043,2008-02-29_10-46-51
1043,2008-03-10_09-30-39
1043,2008-03-17_12-46-37
1043,2009-07-09_09-52-51
1044,2009-06-29_10-32-24
1044,2009-06-29_13-17-11
1044,2009-07-28_13-56-39
1044,2009-08-05_12-56-02
1044,2009-08-10_15-49-45
1044,2009-09-02_10-02-52
1045,2008-03-03_10-23-40
1045,2008-04-15_11-54-46
1045,2009-06-29_13-16-46
1045,2009-06-30_14-12-59
1045,2009-07-07_15-24-30
1045,2009-08-14_11-50-11
1047,2008-04-02_17-32-14
1047,2008-04-03_18-37-46
1047,2008-05-27_17-55-45
1047,2009-06-25_17-37-07
1047,2009-06-29_18-47-10
1047,2009-07-01_16-43-30
1048,2009-06-26_11-56-02
1048,2009-06-26_12-18-32
1048,2009-06-26_12-42-00
1048,2009-06-26_12-53-37
1048,2009-06-30_14-56-41
1048,2009-08-11_12-03-02
1050,2007-12-11_14-49-43
1050,2008-02-26_16-19-22
1050,2008-02-28_14-55-51
1050,2008-02-28_15-07-53
1050,2008-02-28_15-13-53
1050,2008-05-16_11-00-23
1051,2008-04-03_13-29-30
1051,2008-04-16_18-10-55
1051,2008-05-15_13-05-18
1051,2008-06-10_16-45-07
1051,2009-10-16_16-21-30
1051,2009-10-21_18-21-53
1052,2008-02-21_08-18-26
1052,2008-02-21_08-18-40
1052,2008-04-25_08-11-09
1052,2009-10-20_15-59-54
1052,2009-10-23_13-23-27
1053,2008-02-23_10-37-36
1053,2008-04-05_11-18-35
1053,2008-04-05_14-15-50
1053,2008-05-11_09-38-24
1053,2009-06-25_17-36-43
1053,2009-08-28_18-20-47
1055,2009-08-22_08-45-35
1055,2009-08-22_12-11-18
1055,2009-09-01_17-40-11
1055,2009-10-11_09-02-30
1062,2009-09-02_15-04-53
1062,2009-09-04_11-18-11
1062,2009-09-08_10-14-07
1062,2009-09-14_13-14-35
1062,2009-10-02_10-43-05
1062,2009-10-06_09-51-56
1063,2008-02-22_15-54-58
1063,2009-07-09_07-38-50
1063,2009-07-09_09-43-42
1063,2009-07-09_09-50-53
1066,2008-02-18_13-55-25
1066,2008-02-20_07-37-12
1066,2008-03-05_10-26-21
1066,2008-03-13_07-17-53
1066,2008-05-01_06-56-42
1066,2009-07-30_07-19-40
1067,2008-02-18_17-08-36
1067,2008-02-19_08-57-17
1067,2008-02-19_16-56-44
1067,2008-02-21_17-44-49
1067,2008-02-28_17-18-04
1067,2009-06-25_17-39-19
1072,2008-02-15_16-22-12
1072,2008-02-15_16-22-25
1072,2008-02-15_16-24-03
1072,2008-06-12_17-10-01
1072,2009-06-29_15-39-57
1074,2008-03-13_13-37-12
1074,2008-03-13_13-37-35
1074,2008-03-13_18-43-23
1074,2008-04-28_18-20-39
1074,2009-06-30_19-26-57
1074,2009-08-20_17-22-24
1075,2008-02-15_15-41-14
1075,2008-02-21_17-57-51
1075,2008-03-31_17-07-03
1075,2008-04-21_18-56-19
1075,2008-04-23_18-58-37
1075,2008-05-15_15-36-06
1078,2008-05-17_12-19-51
1078,2008-05-17_12-20-09
1078,2008-05-17_12-21-18
1078,2008-05-17_12-21-24
1078,2008-05-17_12-21-30
1078,2009-06-29_07-27-24
1080,2008-03-06_10-38-23
1080,2008-03-19_09-04-14
1080,2008-03-28_08-47-26
1080,2008-04-21_07-34-05
1080,2008-05-09_13-35-49
1080,2009-10-15_08-57-37
1082,2008-02-29_10-58-36
1082,2008-03-04_15-25-53
1082,2008-04-14_13-40-21
1082,2009-07-03_09-36-24
1085,2008-02-20_16-19-11
1085,2008-02-22_11-06-30
1085,2008-02-22_12-18-32
1085,2008-02-22_14-44-32
1085,2008-03-13_13-52-21
1085,2008-03-18_16-52-14
1089,2008-02-20_13-58-46
1089,2008-03-03_13-10-02
1089,2008-03-03_13-10-32
1089,2008-03-13_17-00-50
1089,2008-04-29_08-23-10
1089,2009-07-13_10-09-55
1091,2008-02-19_10-09-41
1091,2008-02-19_10-09-52
1091,2008-02-20_16-48-51
1091,2008-04-21_17-46-47
1091,2009-06-29_10-59-57
1091,2009-07-08_14-11-49
1092,2008-06-05_19-07-24
1092,2009-07-09_15-34-22
1092,2009-07-20_17-02-30
1092,2009-10-17_09-33-29
1092,2009-10-17_09-34-36
1099,2008-02-18_15-35-39
1099,2008-02-18_15-38-38
1099,2009-06-29_15-19-06
1099,2009-06-29_15-19-35
1099,2009-08-03_09-05-06
1099,2009-09-01_10-20-42
1103,2008-02-19_15-51-06
1103,2008-02-22_11-01-24
1103,2008-02-26_11-25-30
1103,2008-04-04_11-30-57
1103,2008-06-03_12-44-57
1103,2009-09-17_10-34-49
1104,2008-02-28_17-44-05
1104,2008-06-18_12-07-17
1104,2008-06-18_12-08-13
1104,2009-06-25_16-28-48
1104,2009-06-29_13-10-35
1188,2007-12-04_09-57-51
1188,2007-12-04_17-51-45
1188,2007-12-04_17-52-08
1188,2007-12-04_17-52-17
1188,2007-12-04_17-53-19
1188,2007-12-04_17-53-46
1189,2007-12-04_13-12-38
1189,2007-12-04_15-14-43
1189,2007-12-04_15-33-12
1189,2007-12-04_17-51-56
1189,2007-12-04_17-52-46
1189,2007-12-06_08-55-55
1190,2007-12-04_09-58-58
1190,2007-12-04_18-05-06
1190,2007-12-05_12-44-26
1190,2007-12-05_12-45-24
1190,2007-12-06_12-32-33
1190,2007-12-07_14-37-51
1192,2007-12-06_11-37-38
1192,2007-12-06_17-00-44
1192,2007-12-07_13-54-56
1192,2007-12-07_15-24-22
1192,2007-12-12_11-40-20
1192,2007-12-12_11-54-58
1194,2007-12-04_09-59-22
1194,2007-12-04_10-00-00
1194,2007-12-07_08-46-49
1194,2007-12-07_08-47-05
1194,2007-12-12_08-22-18
1194,2007-12-13_08-28-49
1195,2007-12-12_15-09-49
1195,2007-12-13_08-01-27
1195,2007-12-13_11-24-47
1195,2007-12-13_11-25-00
1195,2007-12-13_11-25-23
1195,2007-12-13_11-25-30
1199,2007-12-04_17-09-33
1199,2007-12-04_17-10-11
1199,2007-12-04_17-10-24
1199,2007-12-05_13-22-00
1199,2007-12-05_13-22-09
1199,2007-12-06_17-34-13
1201,2007-12-04_15-24-45
1201,2007-12-04_15-26-26
1201,2007-12-07_16-26-45
1201,2007-12-07_16-26-58
1201,2007-12-07_16-27-15
1201,2007-12-13_11-49-45
1208,2007-12-04_12-04-55
1208,2007-12-04_15-44-41
1208,2007-12-05_10-39-19
1208,2007-12-12_10-27-32
1208,2007-12-12_13-09-38
1208,2007-12-13_12-00-31
1209,2010-02-05_17-32-50
1209,2010-02-05_17-33-19
1209,2010-02-05_17-33-53
1209,2010-02-05_17-35-17
1212,2008-11-19_15-03-26
1212,2009-06-25_12-35-27
1212,2009-06-25_12-35-51
1212,2009-07-07_12-05-52
1212,2009-07-07_12-17-00
1212,2009-07-07_12-17-27
1213,2007-12-03_19-17-54
1213,2007-12-04_08-56-04
1213,2007-12-04_08-56-30
1213,2007-12-04_12-32-56
1213,2007-12-05_15-59-30
1213,2007-12-07_09-00-56
1217,2007-12-05_14-14-48
1217,2007-12-05_17-11-20
1217,2007-12-06_12-44-32
1217,2007-12-07_12-50-51
1217,2007-12-12_13-49-27
1217,2007-12-12_15-02-49
1220,2007-12-04_11-21-48
1220,2007-12-05_09-48-32
1220,2007-12-05_10-48-36
1220,2007-12-05_10-48-54
1220,2007-12-11_17-15-46
1220,2007-12-12_17-18-04
1221,2007-12-04_10-00-52
1221,2007-12-06_10-53-30
1221,2007-12-11_07-24-54
1221,2007-12-11_08-27-58
1221,2007-12-11_08-28-16
1221,2007-12-12_08-22-12
2001,2008-02-18_11-00-29
2001,2008-02-25_11-57-05
2001,2008-03-04_13-51-50
2001,2008-03-11_13-03-22
2001,2008-03-13_13-28-51
2001,2008-03-18_10-49-30
2002,2008-02-19_15-58-06
2002,2008-02-20_09-36-31
2002,2008-02-20_11-20-24
2002,2008-02-20_16-39-01
2002,2008-02-21_09-37-09
2002,2008-03-17_10-01-11
2003,2008-02-20_10-40-10
2003,2008-02-20_13-12-33
2003,2008-02-20_13-13-26
2003,2008-02-20_13-52-30
2003,2008-02-21_14-02-54
2003,2008-02-28_15-51-48
2004,2008-02-21_18-10-25
2004,2008-03-14_18-06-00
2004,2008-03-19_14-42-13
2004,2008-03-20_17-15-17
2004,2008-04-02_16-59-06
2004,2008-04-11_18-04-43
2005,2008-02-19_12-34-23
2005,2008-02-19_12-35-49
2005,2008-02-19_12-36-06
2005,2008-02-19_12-36-34
2005,2008-02-19_12-36-47
2005,2008-02-19_12-37-18
2006,2008-02-18_12-32-23
2006,2008-02-19_16-52-17
2006,2008-02-26_10-27-30
2006,2008-03-04_16-50-47
2006,2008-05-30_07-39-31
2006,2008-06-03_15-44-48
2007,2008-03-06_12-39-29
2007,2008-05-23_16-01-43
2007,2008-05-23_16-01-55
2007,2008-05-23_16-02-17
1001,2008-03-08_07-57-08
1001,2008-03-20_15-10-27
1001,2008-03-20_15-10-39
1001,2009-06-26_11-54-17
1001,2009-06-26_11-54-50
1001,2009-07-28_15-20-10
1002,2008-04-01_18-52-11
1002,2009-07-30_17-30-27
1002,2009-08-17_16-00-09
1002,2009-08-21_10-35-42
1002,2009-08-27_16-41-09
1002,2009-08-28_16-03-31
1003,2008-03-06_15-17-51
1003,2008-03-14_16-29-45
1003,2009-07-02_18-00-53
1003,2009-07-23_09-59-57
1003,2009-09-30_11-13-18
1003,2009-10-07_15-44-24
1004,2008-03-11_09-36-03
1004,2008-04-16_15-06-30
1004,2008-04-18_10-19-18
1004,2008-04-18_13-26-15
1004,2008-04-18_15-21-24
1004,2009-07-07_12-47-15
1005,2008-02-18_18-54-42
1005,2008-02-18_18-55-00
1005,2008-02-25_17-53-26
1005,2008-05-15_15-38-30
1005,2009-07-07_17-26-52
1005,2009-07-08_17-02-21
1006,2009-06-25_17-38-02
1006,2009-06-26_08-37-41
1006,2009-07-01_17-50-22
1006,2009-07-03_11-10-21
1006,2009-07-10_14-34-59
1006,2009-07-14_16-13-38
1007,2009-02-26_10-47-19
1007,2009-09-08_08-44-52
1007,2009-09-09_15-16-38
1007,2009-09-18_16-28-36
1007,2009-10-19_08-33-51
1007,2009-10-22_15-30-01
1008,2008-04-17_10-23-21
1008,2008-04-18_13-43-00
1008,2009-07-09_17-13-23
1008,2009-07-13_12-32-38
1008,2009-07-23_08-09-50
1008,2009-09-23_08-07-50
1009,2008-02-18_08-50-39
1009,2008-02-19_08-54-56
1009,2008-02-29_13-49-12
1009,2008-03-13_14-44-23
1009,2009-07-13_12-39-01
1009,2009-08-19_14-05-50
1010,2009-07-08_20-24-55
1010,2009-07-08_21-52-45
1010,2009-07-23_18-56-20
1010,2009-09-11_17-30-34
1010,2009-09-16_18-28-07
1010,2009-09-29_18-53-13
1011,2008-02-19_08-22-13
1011,2009-07-03_09-04-09
1011,2009-07-16_08-24-10
1011,2009-08-13_18-39-22
1012,2008-02-18_06-26-17
1012,2008-02-22_17-02-36
1012,2008-03-27_10-23-04
1012,2008-05-09_14-32-18
1012,2008-05-16_16-52-30
1012,2009-10-01_20-18-46
1013,2008-03-14_08-18-07
1013,2008-03-18_09-59-14
1013,2008-06-03_11-23-20
1013,2008-06-05_08-02-09
1013,2008-06-16_14-47-54
1013,2009-07-14_18-42-33
1014,2008-02-21_16-56-08
1014,2008-03-03_11-21-35
1014,2008-04-11_14-36-40
1014,2008-04-11_16-17-40
1014,2008-04-22_16-26-56
1014,2008-06-16_11-57-06
1016,2009-08-14_08-26-23
1016,2009-08-28_07-26-08
1016,2009-08-28_11-27-44
1016,2009-08-28_11-50-03
1016,2009-09-04_12-36-15
1016,2009-10-21_12-37-54
1017,2008-03-12_16-01-23
1017,2008-05-22_13-22-15
1017,2009-06-25_16-20-42
1017,2009-06-29_15-43-05
1017,2009-07-29_15-33-04
1021,2008-02-25_17-43-59
1021,2009-06-26_13-58-18
1021,2009-06-30_10-24-06
1021,2009-06-30_11-03-42
1022,2008-02-29_08-33-54
1022,2008-04-07_10-14-43
1022,2008-04-22_16-13-31
1022,2008-05-23_10-10-35
1022,2008-06-20_12-16-43
1022,2009-06-29_11-53-08
1023,2008-02-21_08-19-45
1023,2008-02-21_08-20-06
1023,2008-04-25_11-13-05
1023,2008-06-27_10-20-14
1023,2009-06-26_14-13-13
1023,2009-10-20_16-00-16
1024,2008-02-21_08-11-44
1024,2008-03-04_17-02-18
1024,2008-03-19_18-30-44
1024,2008-06-06_17-04-45
1024,2009-09-11_14-54-11
1024,2009-10-08_14-58-51
1025,2008-02-15_21-13-01
1025,2008-02-29_20-50-50
1025,2008-03-06_19-40-01
1025,2008-03-11_21-01-30
1025,2008-05-16_13-18-37
1025,2009-07-15_14-53-12
1026,2008-04-07_10-15-03
1026,2008-04-07_10-15-25
1026,2008-05-28_09-04-16
1026,2008-05-30_11-00-59
1026,2008-05-30_15-02-03
1026,2009-06-29_13-58-45
1027,2008-02-21_11-58-26
1027,2008-02-21_13-44-09
1027,2008-03-14_10-27-02
1027,2008-03-19_11-14-54
1027,2009-06-29_17-06-25
1027,2009-07-22_08-26-01
1028,2008-02-22_15-44-02
1028,2008-06-02_08-01-02
1028,2008-06-03_08-11-18
1028,2009-07-02_16-53-46
1028,2009-07-03_14-27-19
1028,2009-07-08_16-28-24
1029,2009-07-17_10-14-14
1029,2009-07-17_12-17-42
1029,2009-07-17_12-18-49
1029,2009-08-13_11-59-10
1029,2009-08-20_15-22-06
1031,2008-02-18_17-35-44
1031,2008-02-18_17-36-00
1031,2008-02-18_17-36-16
1031,2008-03-18_13-53-41
1031,2008-03-18_13-53-54
1031,2009-08-18_13-24-32
1032,2008-02-29_09-10-54
1032,2008-03-18_10-00-34
1032,2008-04-29_16-15-00
1032,2008-06-04_16-09-25
1032,2009-07-30_15-09-03
1032,2009-09-30_17-33-45
1033,2008-03-19_11-15-47
1033,2008-03-20_15-11-36
1033,2008-03-20_15-12-44
1033,2008-04-09_17-48-48
1033,2008-06-19_11-32-22
1033,2009-07-14_18-15-16
1036,2009-07-03_08-48-41
1036,2009-07-03_11-06-49
1036,2009-07-14_17-47-12
1036,2009-07-17_15-50-07
1037,2008-02-26_10-46-47
1037,2008-03-05_16-35-18
1037,2008-04-22_12-39-48
1037,2008-04-30_16-10-44
1037,2009-06-25_13-46-31
1037,2009-07-01_15-14-46
1038,2008-02-23_13-39-59
1038,2008-02-29_15-27-50
1038,2009-07-10_09-49-50
1038,2009-07-15_14-49-21
1038,2009-07-21_12-21-23
1038,2009-10-06_08-24-30
1119,2008-03-11_15-09-00
1119,2008-03-11_16-17-55
1119,2008-05-29_16-49-20
1119,2009-06-29_12-28-13
1119,2009-08-04_12-53-42
1119,2009-08-06_10-48-21
1123,2008-02-15_18-14-05
1123,2008-02-15_18-14-21
1123,2008-02-15_18-14-51
1123,2009-06-29_17-50-08
1132,2008-05-09_19-17-20
1132,2008-05-12_20-23-30
1132,2008-05-13_18-55-10
1132,2008-05-16_18-02-48
1132,2008-05-28_20-05-20
1132,2009-06-25_19-31-14
1133,2008-02-25_12-46-39
1133,2008-02-26_07-41-33
1133,2008-02-26_07-41-43
1133,2009-09-23_15-00-20
1134,2008-02-19_08-31-43
1134,2008-02-19_08-31-53
1134,2008-02-25_16-42-39
1134,2008-03-27_16-59-46
1134,2008-04-09_16-42-59
1134,2008-04-25_14-17-38
1140,2008-02-22_11-09-38
1140,2008-02-22_11-09-46
1140,2008-02-22_11-10-19
1140,2009-07-23_14-08-36
1145,2008-04-08_11-10-02
1145,2008-05-16_16-54-51
1145,2008-05-16_16-55-24
1145,2009-06-29_08-45-51
1146,2008-02-21_15-06-10
1146,2008-04-05_11-17-58
1146,2008-04-05_11-18-18
1146,2008-05-17_12-19-31
1146,2008-05-17_12-20-29
1146,2009-07-03_08-01-15
1151,2008-02-18_10-59-51
1151,2008-02-18_17-33-08
1151,2008-02-22_13-15-04
1151,2008-02-22_14-12-50
1151,2008-04-04_13-40-12
1151,2008-05-16_16-27-17
1156,2010-01-15_13-04-24
1156,2010-01-15_16-16-31
1156,2010-01-15_16-17-22
1156,2010-01-15_16-18-52
1156,2010-01-15_16-19-22
1156,2010-01-15_16-19-54
1157,2009-12-07_12-12-42
1157,2009-12-07_12-13-40
1157,2009-12-07_12-14-06
1157,2009-12-07_12-14-32
1157,2009-12-07_12-14-37
1173,2007-12-04_13-58-14
1173,2007-12-04_13-58-41
1173,2007-12-04_17-55-13
1173,2007-12-04_17-56-10
1173,2007-12-05_13-06-49
1173,2007-12-11_15-34-13
1174,2007-12-04_17-50-47
1174,2007-12-04_17-50-54
1174,2007-12-04_17-56-29
1174,2007-12-05_11-02-06
1174,2007-12-07_13-41-46
1174,2007-12-12_17-23-39
1180,2009-05-25_11-04-30
1180,2009-05-25_11-05-52
1180,2009-05-26_18-02-15
1180,2009-05-26_18-02-25
1181,2007-12-04_16-07-50
1181,2007-12-04_16-08-49
1181,2007-12-04_17-24-40
1181,2007-12-05_16-27-16
1182,2007-12-04_12-37-58
1182,2007-12-04_14-28-09
1182,2007-12-04_17-06-17
1182,2007-12-06_14-16-06
1183,2009-03-31_10-42-53
1183,2009-03-31_10-43-30
1183,2009-03-31_10-46-23
1183,2009-03-31_10-46-42
1183,2009-03-31_10-47-01
1183,2009-03-31_10-49-23
1184,2007-12-04_14-50-04
1184,2007-12-04_14-50-26
1184,2007-12-04_14-53-36
1184,2007-12-04_14-54-02
1184,2007-12-04_15-04-31
1184,2007-12-11_14-06-05
1185,2007-12-04_09-13-42
1185,2007-12-06_05-57-09
1185,2007-12-11_08-25-39
1185,2007-12-11_09-52-43
1185,2007-12-13_10-16-08
1185,2007-12-13_11-37-47
1186,2007-12-05_17-04-21
1186,2007-12-06_16-34-53
1186,2007-12-06_16-37-56
1186,2007-12-06_16-42-11
1186,2007-12-11_11-30-50
1186,2007-12-12_16-43-30
2010,2008-02-18_12-54-12
2010,2008-02-25_14-14-41
2010,2008-03-03_12-18-48
2010,2008-03-03_12-20-01
2011,2008-04-14_17-56-23
2011,2008-04-15_12-20-23
2011,2008-04-16_10-34-24
2011,2008-04-16_12-21-32
2011,2008-04-23_17-01-45
2011,2008-05-27_17-34-55
2012,2008-03-18_11-15-12
2012,2008-04-01_17-15-51
2012,2008-04-17_11-31-22
2012,2008-04-22_17-13-04
2012,2008-05-19_11-09-44
2012,2008-06-11_09-54-42
2014,2008-03-27_07-36-57
2014,2008-04-30_07-34-35
2014,2008-05-01_07-18-04
2014,2008-05-16_07-21-24
2014,2008-05-16_07-21-35
2014,2008-05-16_07-21-46
2015,2008-02-20_15-03-18
2015,2008-02-22_10-29-21
2015,2008-02-25_09-20-11
2015,2008-02-28_17-07-06
2015,2008-03-11_09-56-17
2015,2008-03-31_14-36-32
2016,2008-02-19_15-11-39
2016,2008-02-19_15-12-47
2016,2008-02-19_15-18-45
2016,2008-02-22_10-00-24
2016,2008-02-26_10-56-59
2016,2008-03-05_09-09-03
2017,2008-03-05_11-22-23
2017,2008-03-05_11-22-35
2017,2008-03-05_11-22-48
2017,2008-04-25_12-09-36
2017,2008-04-25_12-09-52
2017,2008-04-25_12-10-05
2018,2008-05-09_13-48-31
2018,2008-05-09_13-49-02
2018,2008-05-09_13-49-47
2018,2008-06-05_16-16-48
2018,2008-06-06_11-30-39
2018,2008-06-10_14-51-09
2020,2008-03-12_15-08-22
2020,2008-03-12_15-08-33
2020,2008-03-12_15-48-16
2020,2008-03-12_15-48-36
2020,2008-03-14_14-56-15
2020,2008-04-02_15-29-40
2021,2008-03-26_12-27-55
2021,2008-03-26_12-31-30
2021,2008-03-26_12-31-43
2021,2008-03-26_16-59-58
2021,2008-03-27_10-45-30
2021,2008-04-03_14-58-31
2022,2008-02-15_16-01-02
2022,2008-03-18_13-35-52
2022,2008-06-13_08-37-46
2022,2008-06-13_08-37-54
2022,2008-06-13_08-37-59
2023,2008-02-22_17-06-44
2023,2008-03-05_17-09-51
2023,2008-03-12_17-13-06
2023,2008-03-14_17-00-24
2023,2008-04-23_17-06-29
2023,2008-05-13_16-08-39
2025,2008-02-20_16-44-42
2025,2008-02-20_16-45-01
2025,2008-02-28_16-56-07
2025,2008-02-28_16-56-20
2025,2008-02-28_16-56-33
2026,2008-02-18_07-39-56
2026,2008-02-18_17-52-27
2026,2008-02-18_17-52-39
2026,2008-02-28_15-38-17
2026,2008-05-18_13-11-45
2026,2008-05-18_13-11-54
2027,2008-02-19_16-10-36
2027,2008-02-19_16-10-51
2027,2008-02-19_16-11-03
2027,2008-02-19_16-11-15
2027,2008-02-20_10-19-28
2027,2008-03-06_12-39-05
2028,2008-02-28_17-17-33
2028,2008-03-07_16-49-23
2028,2008-03-12_17-25-09
2028,2008-04-11_16-42-29
2028,2008-04-22_17-19-58
2028,2008-05-20_17-37-31
2029,2008-02-18_09-51-25
2029,2008-02-18_09-51-44
2029,2008-02-21_09-51-21
2029,2008-02-25_13-25-43
2029,2008-02-25_13-25-53
2029,2008-02-25_13-26-02
2035,2008-03-04_17-41-29
2035,2008-03-31_15-48-57
2035,2008-03-31_15-49-14
2035,2008-04-03_16-48-40
2040,2008-03-18_16-45-59
2040,2008-03-18_16-46-16
2040,2008-05-15_17-48-26
2040,2008-05-15_17-48-32
2043,2008-04-29_16-04-26
2043,2008-04-29_16-04-39
2043,2008-04-30_09-36-41
2043,2008-05-20_17-36-36
2043,2008-05-22_16-57-55
2046,2008-03-06_10-23-12
2046,2008-03-06_10-23-50
2046,2008-03-06_11-43-08
2046,2008-03-31_16-38-24
2046,2008-04-02_16-32-59
2051,2008-02-18_16-54-13
2051,2008-02-22_15-54-41
2051,2008-02-29_15-30-34
2051,2008-03-07_15-16-32
2051,2008-03-13_16-11-38
2051,2008-06-26_16-08-39
2052,2008-03-17_10-22-27
2052,2008-03-17_10-22-38
2052,2008-03-17_10-22-50
2052,2008-03-19_11-40-29
2052,2008-03-19_11-42-38
2052,2008-06-18_15-40-46
2059,2008-03-03_16-10-00
2059,2008-03-03_16-10-42
2059,2008-03-10_15-45-49
2059,2008-03-10_15-46-13
2061,2008-04-17_20-38-13
2061,2008-04-17_20-38-29
2061,2008-04-17_20-38-41
2061,2008-04-17_20-39-02
2064,2007-12-04_12-06-58
2064,2007-12-05_13-43-14
2064,2007-12-05_13-43-26
2064,2007-12-06_12-32-13
2064,2008-05-16_11-07-20
2064,2008-05-16_11-17-22
2069,2008-02-21_13-00-31
2069,2008-02-21_13-00-39
2069,2008-02-26_12-30-02
2069,2008-04-01_15-20-15
2069,2008-04-25_08-36-07
2071,2008-03-01_07-59-19
2071,2008-03-01_15-07-16
2071,2008-03-02_09-33-31
2071,2008-03-02_10-33-01
2073,2008-02-19_18-29-48
2073,2008-03-12_17-30-51
2073,2008-03-13_17-55-02
2073,2008-03-19_17-55-25
2073,2008-04-01_17-10-28
2075,2008-02-26_12-53-50
2075,2008-02-26_12-54-03
2075,2008-03-04_15-21-07
2075,2008-03-04_15-21-33
2087,2008-02-28_17-44-28
2087,2008-04-15_18-08-55
2087,2008-04-15_18-09-51
2087,2008-05-15_17-42-53
2111,2008-04-15_08-08-01
2111,2008-04-16_09-31-00
2111,2008-04-16_09-31-15
2111,2008-04-17_11-26-24
2111,2008-04-29_15-06-18
2133,2008-02-19_16-58-05
2133,2008-02-21_18-02-05
2133,2008-02-21_18-02-38
2133,2008-05-16_18-02-58
2156,2008-02-18_15-34-12
2156,2008-02-18_15-34-44
2156,2008-02-18_15-35-06
2156,2008-02-18_15-38-00
2156,2008-02-18_15-38-12
2156,2008-02-18_15-39-23
